,Country,Sales,Profits,Assets,Market Value
5,Saudi Arabia,329762.0,88205.0,398296.0,1684765.0
14,United States,138604.0,46266.0,285449.0,1359028.0
8,United States,267712.0,57215.0,320400.0,1285516.0
21,United States,296274.0,10562.0,221238.0,1233351.0
12,United States,166310.0,34522.0,273403.0,919284.0
38,United States,73357.0,20958.0,138371.0,583675.0
30,China,70570.0,24697.7,189435.0,545380.0
49,China,54554.0,13540.7,136955.0,509673.0
3,United States,254616.0,81417.0,817729.0,455444.0
33,United States,82753.0,17166.0,155017.0,395294.0
140,United States,23525.0,11932.0,74781.0,383947.0
18,United States,523964.0,14881.0,236495.0,344436.0
40,Switzerland,93147.0,12687.9,132122.0,304074.0
73,Switzerland,61851.0,13581.4,85807.0,297429.0
70,United States,70346.0,4986.0,118560.0,291804.0
2,United States,142927.0,29954.0,3139431.0,291737.0
15,South Korea,197568.0,18440.5,304868.0,278742.0
23,United States,246268.0,13754.0,189067.0,277094.0
274,United States,17003.0,7949.0,30648.0,276081.0
107,Taiwan,37801.0,13041.7,77486.0,265526.0
37,United States,75732.0,22735.0,147710.0,253955.0
0,China,177230.0,45283.6,4322528.0,242283.0
19,United States,131350.0,18389.0,294500.0,237728.0
105,United States,110225.0,11242.0,51236.0,236124.0
341,China,11325.0,6183.4,25606.0,225461.0
10,United States,179217.0,14417.0,545354.0,218558.0
48,United States,50660.0,15790.0,167489.0,212808.0
7,United States,112065.0,24129.0,2619954.0,208646.0
1,China,162147.0,38914.8,3822048.0,203818.0
91,United States,47862.0,10147.0,84397.0,200341.0
95,United States,37155.0,10017.0,94013.0,197092.0
13,United States,255995.0,14340.0,362597.0,196588.0
35,United States,74822.0,10373.0,200948.0,195258.0
72,France,60070.0,8026.1,108329.0,194273.0
67,Switzerland,48614.0,12213.7,123097.0,193047.0
6,China,154952.0,18750.9,1218615.0,187215.0
283,United States,21403.0,2231.9,35060.0,184652.0
86,United States,68159.0,7239.0,85062.0,183552.0
81,United States,51556.0,11054.0,90426.0,179728.0
488,United States,10918.0,2795.0,17315.0,179017.0
11,Japan,280529.0,22681.9,495064.0,173300.0
60,United States,140144.0,2924.0,237428.0,171762.0
26,United States,108692.0,11651.0,262421.0,171749.0
724,Austria,5262.0,8815.4,1305.0,170844.0
417,United States,11623.0,3232.2,21214.0,170384.0
93,United States,39764.0,10759.0,96704.0,167045.0
27,Hong Kong,108106.0,15457.7,233895.0,164943.0
157,United States,32095.0,3539.0,66777.0,162893.0
175,France,33436.0,4197.2,49176.0,162517.0
220,United States,23087.0,5533.3,39286.0,147996.0
4,China,148692.0,30911.6,3697451.0,147174.0
333,Denmark,18292.0,5839.1,18869.0,146765.0
577,United States,17098.0,126.0,55126.0,144945.0
248,United States,17534.0,2459.0,51333.0,144266.0
585,United States,26022.0,-144.3,37250.0,144170.0
149,Germany,31089.0,4738.5,69069.0,142428.0
161,United States,23879.0,7675.0,61669.0,140605.0
208,United States,20835.0,5803.9,47511.0,139454.0
236,United Kingdom,26233.0,1520.7,57211.0,137745.0
137,United States,26145.0,3439.0,129944.0,137580.0
244,United States,41300.0,4318.0,26220.0,135567.0
141,United States,158350.0,3778.0,48782.0,133799.0
183,United States,25647.0,3669.0,58688.0,132182.0
128,Ireland,31062.0,5315.0,92822.0,130841.0
109,Netherlands,58179.0,6295.8,72745.0,130583.0
20,Netherlands,311562.0,9947.8,393961.0,126489.0
360,Netherlands,13367.0,2919.2,25541.0,124450.0
57,India,84787.0,6158.2,147164.0,123844.0
116,France,40434.0,3253.7,126546.0,122486.0
118,United States,33266.0,7839.0,89115.0,121382.0
25,China,58381.0,13710.6,1094883.0,120856.0
16,United States,98866.0,14342.0,1981349.0,118797.0
204,Ireland,44656.0,4971.7,33503.0,117971.0
202,United States,30192.0,7638.0,37494.0,116162.0
225,United States,19942.0,2557.2,62082.0,113914.0
179,United States,17188.0,3509.0,120637.0,113122.0
9,China,135353.0,27216.3,3387044.0,112774.0
65,Hong Kong,40851.0,6649.2,280299.0,111829.0
50,United States,76537.0,9015.0,153403.0,111484.0
144,United States,61127.0,6243.0,49248.0,109106.0
191,United States,22666.0,2638.0,81006.0,108591.0
182,United States,21553.0,6002.0,62216.0,108428.0
92,Australia,45810.0,9425.6,102290.0,107099.0
415,United States,14118.0,4943.0,17283.0,106526.0
185,United States,22618.0,4962.0,59741.0,105758.0
449,United States,7760.0,1905.4,40789.0,105507.0
43,United Kingdom,67221.0,3808.4,2917810.0,105318.0
97,United Kingdom,44679.0,6832.1,104629.0,104350.0
148,United States,45764.0,1668.0,150645.0,103986.0
17,United States,104423.0,17091.0,2219770.0,101102.0
375,India,22135.0,4561.0,15981.0,100679.0
152,United States,36706.0,6143.0,58679.0,100364.0
177,United Kingdom,28228.0,2285.0,86612.0,96628.0
28,France,176185.0,11258.9,273294.0,93061.0
610,Australia,8904.0,2013.1,14075.0,91986.0
29,China,64365.0,8992.5,1522412.0,91967.0
55,Belgium,52315.0,9143.5,238279.0,89879.0
66,Japan,87364.0,2919.1,362608.0,89742.0
287,United States,26656.0,3389.8,27479.0,89628.0
90,United Kingdom,33012.0,7276.8,186796.0,88822.0
257,United States,24742.0,4048.0,31938.0,88498.0
733,Japan,5076.0,1822.2,17007.0,87930.0
34,Canada,50850.0,9957.0,1116256.0,87711.0
194,United States,32348.0,4971.0,46212.0,87384.0
42,Japan,109598.0,7883.2,211104.0,83049.0
638,United States,10332.0,298.0,83806.0,81473.0
142,United States,74815.0,4294.0,57857.0,81285.0
272,United Kingdom,16787.0,3889.7,42038.0,80965.0
39,United States,256756.0,6629.0,224294.0,80359.0
412,United States,70556.0,-3414.0,143075.0,79581.0
356,United Kingdom,271639.0,-3291.1,273864.0,79390.0
243,Spain,31582.0,4063.1,31463.0,79314.0
172,United States,72148.0,4267.0,40990.0,79081.0
58,Japan,79246.0,6030.7,208305.0,78728.0
805,China,14083.0,313.0,18952.0,77925.0
176,United States,15063.0,4229.0,168622.0,77859.0
24,Germany,122406.0,8857.7,1183532.0,77056.0
59,China,369228.0,3308.0,254831.0,76570.0
723,France,7704.0,1710.4,11092.0,76222.0
45,Canada,44783.0,9255.9,1101984.0,75791.0
113,United Kingdom,43179.0,8004.9,87802.0,75514.0
61,Germany,97431.0,5864.9,171006.0,75384.0
767,China,5157.0,2022.7,14867.0,74730.0
1518,Canada,1578.0,-124.8,3489.0,73685.0
87,United States,46787.0,5538.0,186060.0,73454.0
187,United States,26037.0,3709.0,63598.0,73429.0
145,India,20741.0,3843.7,208963.0,73146.0
578,United States,20453.0,-880.0,52618.0,72941.0
62,United States,154521.0,4917.0,157032.0,72814.0
83,Australia,27284.0,7041.8,688798.0,72623.0
104,United States,109262.0,4779.0,82399.0,70777.0
725,United States,6914.0,2352.0,10463.0,70555.0
22,Germany,275168.0,12044.4,538915.0,70402.0
763,United States,7127.0,1631.0,6701.0,70283.0
344,United States,14956.0,2164.0,29440.0,69879.0
410,United States,10187.0,893.0,77539.0,69703.0
96,Italy,86592.0,2433.2,192426.0,69410.0
68,Germany,90134.0,4327.0,207148.0,69223.0
343,United States,17354.0,899.0,51952.0,68479.0
562,South Africa,3291.0,4412.0,35197.0,67754.0
1089,United States,3718.0,676.5,6197.0,67040.0
121,Japan,47805.0,5896.4,86472.0,66867.0
616,United States,5842.0,911.0,38616.0,66442.0
567,United States,3537.0,1715.5,55007.0,65949.0
32,China,364096.0,6638.8,392338.0,65868.0
914,United States,4794.0,1510.9,8893.0,65104.0
101,Germany,49895.0,4825.1,137676.0,64714.0
275,United States,16426.0,1358.0,103823.0,64635.0
439,United States,5211.0,2385.8,137932.0,63885.0
469,United States,15813.0,1864.0,17937.0,63423.0
46,United States,53901.0,7428.0,1090000.0,63403.0
300,United States,14712.0,2530.4,43383.0,63047.0
321,France,17778.0,2383.6,30474.0,63016.0
132,United States,50959.0,5304.0,75894.0,62989.0
119,Spain,39691.0,4110.1,136623.0,62469.0
122,Canada,37463.0,4299.5,125906.0,62184.0
143,United States,25079.0,3748.0,163552.0,62143.0
47,United States,53000.0,8311.0,896823.0,62142.0
560,Ireland,16089.0,-5271.0,94699.0,61635.0
811,United States,6260.0,1500.0,11545.0,61411.0
1038,United States,7245.0,487.0,5864.0,61359.0
31,Russia,122600.0,22733.6,331650.0,60825.0
368,United States,15066.0,4865.0,21402.0,60600.0
36,China,103664.0,8486.5,536170.0,60304.0
493,United States,15693.0,2367.0,15034.0,60253.0
238,France,24534.0,2508.8,49016.0,59979.0
174,United States,20763.0,3539.0,118852.0,59964.0
401,Russia,47578.0,10637.8,410.0,59898.0
211,Saudi Arabia,37258.0,1483.3,83353.0,59840.0
953,United States,4604.0,1386.3,9891.0,59578.0
292,United States,41717.0,3272.2,24145.0,59481.0
52,United States,99949.0,6303.0,262021.0,59480.0
650,United Kingdom,16388.0,-4698.5,42576.0,59369.0
646,United States,7863.0,2115.8,14805.0,59173.0
367,Canada,11210.0,3337.1,32624.0,58825.0
1065,China,3391.0,782.4,4112.0,58024.0
862,United States,5521.0,507.5,23966.0,58018.0
490,Japan,29692.0,-498.5,119913.0,56565.0
85,United States,77097.0,5537.0,139716.0,56136.0
455,United States,14982.0,1545.8,22340.0,55954.0
102,United States,25891.0,6364.0,542909.0,55526.0
240,United States,34272.0,2253.0,43203.0,55124.0
402,United States,10234.0,6373.0,26294.0,54977.0
195,United States,78112.0,3281.0,42779.0,54851.0
432,China,7545.0,3417.1,41822.0,54438.0
303,France,19464.0,1205.4,59024.0,53888.0
237,China,83416.0,1778.7,37286.0,53581.0
276,United States,19599.0,2297.0,49648.0,53263.0
228,China,39913.0,3438.2,39965.0,52890.0
377,United States,10786.0,4287.0,30565.0,52442.0
712,United States,14147.0,-8506.0,31761.0,52285.0
51,Japan,60111.0,5364.0,2893019.0,51802.0
510,United States,14109.0,2521.0,15068.0,51597.0
94,Canada,69109.0,2802.6,323969.0,51279.0
331,United States,11779.0,3267.0,38834.0,50697.0
125,Hong Kong,33598.0,8838.5,108780.0,50624.0
307,Germany,18078.0,1477.4,49616.0,50526.0
234,United States,67716.0,2614.0,34633.0,50479.0
226,France,30397.0,2700.7,50516.0,50363.0
162,United States,17214.0,3492.0,506229.0,50287.0
858,United States,4912.0,430.6,44480.0,49827.0
553,United States,8978.0,1958.9,19501.0,49820.0
533,Japan,11246.0,2033.0,17471.0,49739.0
438,Netherlands,76171.0,-2092.0,128424.0,49595.0
351,United States,17242.0,1780.0,31391.0,49249.0
427,Japan,20469.0,1366.9,22753.0,49163.0
386,United States,6603.0,2099.0,138901.0,49120.0
661,United States,6450.0,1504.0,19845.0,49096.0
433,Japan,21925.0,1786.4,18308.0,49057.0
56,China,50180.0,9161.2,1044976.0,48959.0
133,Switzerland,33990.0,3666.0,173127.0,48751.0
84,Canada,34757.0,6445.5,872573.0,48715.0
447,United States,18007.0,1617.7,20570.0,48702.0
223,United States,11498.0,3535.0,370800.0,48556.0
365,United States,12790.0,5878.8,26119.0,48439.0
334,Saudi Arabia,14641.0,2886.6,32142.0,48256.0
53,Russia,126869.0,10942.0,208497.0,48105.0
394,United States,9726.0,2805.0,39974.0,48047.0
75,Switzerland,71770.0,4147.0,381936.0,47412.0
474,United States,18826.0,2363.0,15677.0,47159.0
44,China,66610.0,11213.4,1422054.0,47131.0
1072,China,2870.0,787.8,3560.0,47072.0
295,South Korea,23176.0,1318.3,55155.0,46987.0
106,Germany,66541.0,8777.0,101337.0,46966.0
1037,United States,3557.0,942.0,7261.0,46838.0
354,Japan,14196.0,2887.4,29924.0,46725.0
245,China,28841.0,3556.1,40320.0,46721.0
164,Norway,60274.0,1758.6,118063.0,46392.0
355,Canada,9687.0,3952.8,44392.0,45867.0
916,United States,4977.0,1536.7,11306.0,45660.0
435,United States,15014.0,2827.0,19767.0,45621.0
181,United States,38916.0,3271.9,71821.0,45494.0
136,France,54567.0,3648.8,102262.0,45468.0
200,United States,29453.0,3617.0,65033.0,45336.0
686,China,4753.0,1727.6,26580.0,45262.0
198,United States,39060.0,3584.6,56265.0,45244.0
138,United States,21450.0,4996.0,445493.0,45228.0
587,United States,11532.0,1021.0,19075.0,45030.0
247,France,28302.0,2143.4,50919.0,44959.0
1005,United States,4484.0,1107.8,6076.0,44926.0
396,Germany,25009.0,1528.7,22803.0,44904.0
613,Japan,9030.0,1187.1,19505.0,44738.0
944,China,6401.0,610.8,14301.0,44590.0
561,China,9791.0,3051.1,16097.0,44549.0
64,China,50001.0,8585.4,1029252.0,44244.0
278,India,13163.0,2320.7,98169.0,44218.0
1129,China,2365.0,677.4,3680.0,44183.0
353,United States,27754.0,1712.6,25066.0,44091.0
387,United States,11081.0,2421.0,37438.0,43832.0
423,Russia,13566.0,5805.0,19409.0,43821.0
189,Qatar,15863.0,3873.2,264859.0,43709.0
558,United Kingdom,10045.0,1920.0,18267.0,43617.0
69,Brazil,78937.0,10174.8,230196.0,43494.0
316,Canada,9812.0,3120.1,76560.0,43345.0
486,Indonesia,6008.0,2019.9,66198.0,42846.0
82,Japan,142390.0,4332.3,188532.0,42646.0
315,Russia,13171.0,13375.8,32486.0,42587.0
513,Brazil,36183.0,178.5,84778.0,42512.0
735,China,8146.0,1776.2,10304.0,42484.0
572,Denmark,8106.0,1278.2,28473.0,42451.0
413,United States,15455.0,1670.0,28151.0,42371.0
63,France,149983.0,4032.7,850752.0,42333.0
657,Sweden,10921.0,1738.2,12110.0,42182.0
420,United States,12856.0,1332.0,38336.0,42013.0
1203,Japan,4272.0,572.2,9362.0,41881.0
311,China,22702.0,4861.6,25665.0,41698.0
261,United Kingdom,18976.0,1877.8,81679.0,41323.0
98,Russia,116328.0,9893.9,95748.0,41168.0
288,United States,15536.0,1921.1,79138.0,41126.0
687,Hong Kong,2082.0,1198.6,35813.0,41106.0
1586,United States,3257.0,214.5,6179.0,41079.0
77,Brazil,51970.0,6873.2,408756.0,40993.0
601,India,12804.0,2340.4,12263.0,40619.0
297,Switzerland,27972.0,1435.9,46108.0,40508.0
156,Mexico,52322.0,3518.0,81123.0,40463.0
719,United States,5754.0,1209.7,21377.0,40357.0
450,France,10600.0,1639.7,36767.0,40041.0
484,Ireland,11011.0,1532.0,29405.0,39901.0
269,Hong Kong,11190.0,5087.6,103643.0,39772.0
503,China,11066.0,755.9,48533.0,39268.0
41,France,128027.0,8668.6,2429890.0,39215.0
963,China,3619.0,1548.3,10006.0,39056.0
74,Germany,116637.0,5501.1,271267.0,38931.0
947,United States,3187.0,579.8,23068.0,38760.0
385,Netherlands,21805.0,1305.0,30325.0,38757.0
284,United States,82220.0,845.0,66431.0,38558.0
304,Germany,22513.0,2333.6,35854.0,38548.0
459,Sweden,7250.0,2712.5,48746.0,38493.0
127,Australia,26038.0,4768.0,611935.0,38426.0
108,Switzerland,34234.0,4752.3,1098099.0,38398.0
374,Japan,23459.0,1717.1,26126.0,38318.0
1598,United Kingdom,1416.0,-247.0,3503.0,38161.0
472,Saudi Arabia,5338.0,2785.5,102388.0,38083.0
135,United States,138704.0,3493.0,90003.0,37975.0
464,United Kingdom,49403.0,-2473.5,174397.0,37869.0
1019,France,4497.0,688.5,15572.0,37791.0
1601,United States,623.0,23.2,1290.0,37713.0
99,China,53508.0,5599.0,245290.0,37614.0
213,United States,38838.0,3445.0,53710.0,37470.0
603,Japan,13733.0,1365.3,14497.0,37398.0
699,India,11987.0,-3811.1,49234.0,37357.0
434,United States,11229.0,1180.0,48843.0,37233.0
224,United States,51680.0,3047.0,45421.0,37191.0
54,Spain,89159.0,7291.9,1709225.0,37067.0
658,United States,9611.0,2096.9,12939.0,37057.0
221,United States,25174.0,1908.0,104073.0,37056.0
325,Germany,189171.0,417.7,326611.0,36953.0
219,United Kingdom,94519.0,767.5,440358.0,36894.0
184,Germany,70894.0,2935.8,61028.0,36741.0
256,France,28091.0,2738.8,48052.0,36714.0
357,United Arab Emirates,14241.0,2357.4,35406.0,36699.0
499,United States,11875.0,2115.0,21167.0,36674.0
299,Canada,18060.0,2404.9,46382.0,36647.0
80,Japan,48433.0,6418.0,1954814.0,36422.0
372,United States,16765.0,2125.7,30249.0,36302.0
337,United States,10810.0,2198.0,65665.0,36213.0
168,United States,33761.0,2936.0,124977.0,36113.0
1611,United States,3621.0,-480.7,6816.0,36082.0
497,Japan,14037.0,1699.8,20640.0,36012.0
199,Singapore,14480.0,4304.3,451605.0,36002.0
120,Taiwan,172835.0,3730.1,110783.0,35893.0
841,China,10004.0,729.1,7512.0,35885.0
756,United States,5430.0,1638.6,18138.0,35601.0
167,China,34999.0,6061.8,80837.0,35559.0
736,Canada,5906.0,1580.1,17295.0,34998.0
970,Japan,5347.0,1133.4,7485.0,34708.0
521,India,7396.0,1239.1,56491.0,34568.0
418,United States,35747.0,496.0,69396.0,34503.0
349,United States,12751.0,1316.0,73530.0,34442.0
679,Japan,14116.0,550.0,19583.0,34433.0
302,United Arab Emirates,8896.0,3067.2,227423.0,34427.0
338,Ireland,20874.0,2127.0,30845.0,34355.0
565,Hong Kong,6956.0,1522.9,37118.0,34166.0
468,Italy,72453.0,-4302.9,131677.0,34098.0
428,United States,17969.0,2164.0,21711.0,34074.0
1214,Denmark,2748.0,595.7,1986.0,33594.0
282,Japan,19958.0,3194.1,51098.0,33416.0
407,United States,11529.0,1372.0,52703.0,33371.0
693,Japan,10368.0,1703.4,11843.0,33364.0
158,United States,20757.0,4462.0,468155.0,33225.0
512,United States,69666.0,-350.0,70014.0,33119.0
848,United States,5312.0,2830.0,11161.0,33098.0
669,United Kingdom,2952.0,532.0,1064637.0,33004.0
150,Japan,48517.0,2565.0,224535.0,32967.0
79,United States,68968.0,5899.0,746320.0,32801.0
89,China,48543.0,7819.2,959249.0,32756.0
254,India,20796.0,1346.9,182817.0,32753.0
498,Singapore,12451.0,933.3,36391.0,32746.0
71,Japan,112343.0,4671.4,2680203.0,32698.0
131,Canada,29121.0,4407.2,665170.0,32590.0
1048,United States,4201.0,1107.8,5282.0,32546.0
1629,United States,2015.0,147.0,9760.0,32529.0
627,United States,16039.0,1660.9,10287.0,32468.0
935,Switzerland,5957.0,760.7,14293.0,32436.0
982,United States,2874.0,1515.5,11826.0,32386.0
103,Japan,140766.0,4787.3,167017.0,32363.0
155,France,47275.0,3364.5,122984.0,32324.0
146,United States,44251.0,4847.0,121143.0,32185.0
400,Switzerland,16441.0,1575.3,33973.0,32090.0
186,United States,107443.0,3070.0,58720.0,32037.0
1086,Japan,4675.0,674.8,14010.0,31984.0
190,Australia,21428.0,2326.5,567755.0,31950.0
88,United States,137237.0,6732.0,228037.0,31926.0
532,United States,16783.0,1842.0,16204.0,31832.0
514,United States,10470.0,4680.0,18929.0,31708.0
126,United States,91928.0,4616.0,118861.0,31568.0
383,China,29761.0,1456.0,26362.0,31479.0
765,Finland,11089.0,1017.9,8841.0,31390.0
927,United States,8344.0,-11.8,27323.0,31375.0
169,Thailand,71501.0,2946.0,82942.0,31339.0
163,Australia,23867.0,2944.7,703830.0,31325.0
130,China,121090.0,3705.3,121934.0,31312.0
100,Brazil,62043.0,5724.7,337867.0,31256.0
246,Japan,16966.0,3659.5,88955.0,31225.0
324,Canada,57539.0,2068.3,24839.0,31115.0
205,Germany,36087.0,1352.1,317236.0,31112.0
1644,United States,1601.0,147.9,2448.0,30939.0
741,Canada,6063.0,1814.7,16502.0,30893.0
1029,Switzerland,6242.0,706.4,10736.0,30878.0
546,Japan,11832.0,2025.0,18309.0,30713.0
78,China,202988.0,6061.1,292315.0,30654.0
1648,China,4345.0,-1006.8,10919.0,30546.0
1033,Japan,4850.0,959.8,12982.0,30480.0
76,Hong Kong,72302.0,6879.6,1063929.0,30282.0
876,Hong Kong,5185.0,889.0,18028.0,30259.0
129,China,55785.0,4029.8,215739.0,30042.0
241,Japan,35859.0,831.1,1874921.0,29845.0
906,India,5514.0,1625.8,10117.0,29816.0
1649,Netherlands,2974.0,228.4,2929.0,29796.0
235,China,21729.0,2639.8,93637.0,29757.0
1112,United States,3381.0,858.0,5518.0,29740.0
134,Japan,103056.0,4858.6,104640.0,29615.0
395,Saudi Arabia,6806.0,3143.7,135223.0,29593.0
414,Australia,42952.0,1051.4,25807.0,29502.0
160,United States,31100.0,2755.0,396878.0,29485.0
457,United States,20972.0,1273.0,25051.0,29485.0
233,Japan,60952.0,2001.5,55596.0,29333.0
197,Japan,82944.0,1789.4,94606.0,29285.0
209,Hong Kong,21642.0,4143.3,109409.0,29251.0
683,China,17426.0,780.9,13460.0,29199.0
1208,Canada,3979.0,645.6,3281.0,29174.0
1657,Argentina,2296.0,-172.0,4782.0,29128.0
253,United Kingdom,82680.0,1239.7,66805.0,29042.0
703,Sweden,23795.0,215.1,29503.0,28915.0
606,Taiwan,20898.0,1190.4,13278.0,28735.0
745,United States,10216.0,1370.3,11109.0,28666.0
114,United Kingdom,64281.0,3137.0,1104700.0,28637.0
1547,United States,4714.0,375.4,4551.0,28632.0
391,United States,60461.0,1813.0,19372.0,28614.0
807,Taiwan,6648.0,1065.6,15927.0,28566.0
595,United States,7523.0,1135.2,35836.0,28563.0
151,Hong Kong,38164.0,5083.5,155417.0,28552.0
588,Germany,3711.0,1123.6,154048.0,28479.0
1664,United States,1104.0,301.1,2272.0,28479.0
166,Singapore,24869.0,3568.7,365664.0,28262.0
973,Hong Kong,3754.0,1664.5,12282.0,28210.0
515,Australia,19913.0,1447.6,18332.0,27978.0
173,China,54425.0,2990.9,100993.0,27874.0
110,China,70143.0,5704.8,273792.0,27809.0
1303,United States,1603.0,533.6,3912.0,27800.0
1024,Netherlands,8804.0,243.0,19511.0,27784.0
260,Japan,27102.0,1825.0,79080.0,27774.0
1148,Italy,4216.0,778.8,6114.0,27745.0
1328,Luxembourg,7567.0,-210.1,5749.0,27678.0
336,United States,17599.0,2734.9,37125.0,27653.0
704,China,15536.0,297.2,43257.0,27638.0
393,Japan,47399.0,626.3,52353.0,27622.0
847,United States,8007.0,1116.5,8855.0,27547.0
1133,Thailand,2045.0,837.0,6694.0,27485.0
171,China,30991.0,4046.3,148328.0,27479.0
251,Canada,28897.0,2184.8,68969.0,27284.0
124,Italy,41263.0,4680.7,916074.0,27250.0
571,United States,41752.0,-1682.0,60686.0,27249.0
898,United States,11164.0,215.0,23078.0,27235.0
620,Finland,17044.0,1886.5,10786.0,27190.0
659,Hong Kong,10936.0,594.4,28443.0,26984.0
1155,Ireland,4991.0,726.6,8627.0,26982.0
526,Switzerland,11482.0,1703.6,25040.0,26933.0
216,United States,21995.0,2941.0,151616.0,26906.0
293,Japan,41335.0,2087.3,40880.0,26890.0
984,United Kingdom,4449.0,878.0,16380.0,26847.0
504,United Kingdom,31737.0,1416.0,16402.0,26763.0
651,Germany,4227.0,1283.8,63419.0,26758.0
580,United States,8526.0,909.1,41124.0,26658.0
178,Canada,21568.0,3866.1,508199.0,26430.0
258,Netherlands,74161.0,1977.7,46573.0,26407.0
408,United States,12548.0,1344.0,58079.0,26317.0
878,United States,5753.0,1910.1,8637.0,26311.0
232,Sweden,43427.0,3121.6,55601.0,26263.0
230,France,67220.0,1102.5,179368.0,26177.0
290,Finland,13037.0,1693.4,622763.0,26140.0
217,Germany,45893.0,1752.7,118024.0,26120.0
838,United States,8129.0,1129.5,12078.0,26116.0
989,United States,5606.0,1115.0,6085.0,26007.0
1000,Switzerland,7509.0,-659.0,27655.0,25952.0
492,United States,106140.0,422.0,47747.0,25828.0
1014,United States,5277.0,1137.7,9251.0,25725.0
476,United States,9493.0,1693.0,47730.0,25615.0
218,United States,31837.0,2407.0,109436.0,25590.0
279,Switzerland,26889.0,2245.0,60216.0,25460.0
1695,United States,1858.0,-1029.2,3899.0,25454.0
362,France,17794.0,1771.8,41921.0,25285.0
1517,China,5920.0,316.2,4220.0,25278.0
265,United States,122286.0,1655.0,47899.0,25235.0
828,United States,9521.0,980.3,8290.0,25195.0
1053,Japan,5743.0,824.4,10900.0,25115.0
1639,Canada,843.0,343.7,5281.0,25114.0
534,United States,224945.0,-917.0,60873.0,25013.0
618,United States,10300.0,1073.3,22684.0,25002.0
1440,United States,2607.0,449.9,7055.0,24923.0
656,United States,7982.0,1131.6,24639.0,24740.0
1244,Australia,2828.0,160.5,25399.0,24711.0
115,United States,64917.0,4140.0,896552.0,24701.0
111,France,79821.0,5110.5,340436.0,24688.0
1710,Japan,1153.0,198.1,1918.0,24685.0
912,United States,7888.0,869.0,10642.0,24671.0
1079,United States,4106.0,1107.8,9467.0,24579.0
123,Canada,58262.0,4221.9,592006.0,24547.0
671,Switzerland,13052.0,699.0,19367.0,24546.0
1519,United States,5689.0,338.4,5206.0,24503.0
791,China,12518.0,832.6,9891.0,24494.0
483,Switzerland,215078.0,-415.6,124076.0,24481.0
881,United States,2680.0,968.3,21173.0,24209.0
1175,United States,1238.0,783.9,1754.0,24204.0
456,United States,22578.0,2108.0,20076.0,24120.0
475,Australia,12907.0,4993.4,21299.0,24099.0
165,Japan,65485.0,3662.2,114329.0,24091.0
381,United States,24286.0,2118.3,27295.0,23933.0
280,Singapore,12028.0,3184.3,300754.0,23929.0
112,China,49306.0,7085.6,991447.0,23923.0
810,Switzerland,11342.0,868.4,10944.0,23872.0
795,United States,4954.0,2404.3,17545.0,23869.0
678,United States,12078.0,1620.8,12864.0,23827.0
887,Japan,10380.0,674.8,11215.0,23824.0
239,Germany,39631.0,2107.5,75214.0,23810.0
1721,United States,1463.0,302.6,4685.0,23808.0
317,Ireland,28115.0,1908.0,41880.0,23751.0
904,Germany,8566.0,803.6,11424.0,23745.0
1131,United States,5236.0,764.0,9501.0,23738.0
452,Australia,16559.0,1431.6,32024.0,23729.0
