"","lotes_n","dosis"
"1","Lote 1",0.0591851764913207
"2","Lote 1",0.0534568173903169
"3","Lote 1",0.049236561344652
"4","Lote 1",0.059898019118127
"5","Lote 1",0.0322001945417237
"6","Lote 1",0.0555320729154384
"7","Lote 1",0.040882841155843
"8","Lote 1",0.0525483119916912
"9","Lote 1",0.0398873375009129
"10","Lote 1",0.035626254492585
"11","Lote 1",0.0406524103905268
"12","Lote 1",0.0409084478506277
"13","Lote 1",0.0575981884271701
"14","Lote 1",0.0507502207753665
"15","Lote 1",0.0619716664978004
"16","Lote 1",0.0417007141233917
"17","Lote 1",0.0458909613259128
"18","Lote 1",0.0489221806163436
"19","Lote 1",0.051005789181481
"20","Lote 1",0.0580142254183909
"21","Lote 1",0.0572530773650876
"22","Lote 1",0.0558096298075758
"23","Lote 1",0.0545562859961363
"24","Lote 1",0.0330267723834714
"25","Lote 1",0.0399595101212717
"26","Lote 1",0.0348079507938625
"27","Lote 1",0.0519049111041826
"28","Lote 1",0.0494689995301205
"29","Lote 1",0.0583115084792423
"30","Lote 1",0.0709611451624781
"31","Lote 1",0.0315301087501447
"32","Lote 1",0.052867942526405
"33","Lote 1",0.037993105743861
"34","Lote 1",0.032033563820376
"35","Lote 1",0.0561787875482746
"36","Lote 1",0.0542186959991873
"37","Lote 1",0.071068028275523
"38","Lote 1",0.0396453929898035
"39","Lote 1",0.0474765428494303
"40","Lote 1",0.0474560298314338
"41","Lote 1",0.057664150147086
"42","Lote 1",0.0402495105186152
"43","Lote 1",0.0445661477906144
"44","Lote 1",0.0494174750770992
"45","Lote 1",0.0532638807924945
"46","Lote 1",0.0409747103446654
"47","Lote 1",0.0466873427234413
"48","Lote 1",0.0374050939213816
"49","Lote 1",0.0516819862784543
"50","Lote 1",0.0487108052175074
"51","Lote 1",0.0502787512479465
"52","Lote 1",0.0339694189884374
"53","Lote 1",0.0571834431317488
"54","Lote 1",0.0621315099040326
"55","Lote 1",0.0659584513920589
"56","Lote 1",0.0736182961089056
"57","Lote 1",0.0336246250864872
"58","Lote 1",0.0561148306921779
"59","Lote 1",0.0534195031361551
"60","Lote 1",0.0329753562364196
"61","Lote 1",0.0467610234766853
"62","Lote 1",0.0610025087881909
"63","Lote 1",0.0616175904945362
"64","Lote 1",0.0413426412696022
"65","Lote 1",0.0468755284253396
"66","Lote 1",0.0605828219851917
"67","Lote 1",0.0493190305047612
"68","Lote 1",0.0275177487255649
"69","Lote 1",0.042970465597665
"70","Lote 1",0.057445832183577
"71","Lote 1",0.0527481907396956
"72","Lote 1",0.0286515463045726
"73","Lote 1",0.044162395786055
"74","Lote 1",0.0510658977154814
"75","Lote 1",0.0532407478916924
"76","Lote 1",0.0524320406220002
"77","Lote 1",0.0330217403931464
"78","Lote 1",0.0489249300312056
"79","Lote 1",0.0526374348362231
"80","Lote 1",0.0533838206996194
"81","Lote 1",0.0634083969904589
"82","Lote 1",0.063428579113508
"83","Lote 1",0.0457497743501691
"84","Lote 1",0.0301462394023964
"85","Lote 1",0.0309498683954126
"86","Lote 1",0.0564123334688462
"87","Lote 1",0.0502019742823322
"88","Lote 1",0.0494877755190026
"89","Lote 1",0.0523772806261694
"90","Lote 1",0.0477216921604603
"91","Lote 1",0.0635112857286202
"92","Lote 1",0.045771407550168
"93","Lote 1",0.0564748297925417
"94","Lote 1",0.0495334852541282
"95","Lote 1",0.0459247712709438
"96","Lote 1",0.0363609320000549
"97","Lote 1",0.0283357708480694
"98","Lote 1",0.0633568201195053
"99","Lote 1",0.049261202394628
"100","Lote 1",0.0528749723473966
"101","Lote 2",0.0571022404250362
"102","Lote 2",0.053484850123724
"103","Lote 2",0.0403048535905266
"104","Lote 2",0.0455081929122959
"105","Lote 2",0.0697010796902782
"106","Lote 2",0.0639250056856684
"107","Lote 2",0.0377632594472755
"108","Lote 2",0.0441784976344395
"109","Lote 2",0.070853250373522
"110","Lote 2",0.049015458884369
"111","Lote 2",0.0462131344321577
"112","Lote 2",0.0484926917405161
"113","Lote 2",0.072373713228761
"114","Lote 2",0.0630582284699646
"115","Lote 2",0.0652263825327677
"116","Lote 2",0.0311532753436595
"117","Lote 2",0.0366848067022988
"118","Lote 2",0.0476405977074099
"119","Lote 2",0.064831931007495
"120","Lote 2",0.0399694988382415
"121","Lote 2",0.0393421512813675
"122","Lote 2",0.0398428169206211
"123","Lote 2",0.0654652564512686
"124","Lote 2",0.0479770358761769
"125","Lote 2",0.0407903264441796
"126","Lote 2",0.0668029765893664
"127","Lote 2",0.0577237105524185
"128","Lote 2",0.045672640707952
"129","Lote 2",0.0572752541364684
"130","Lote 2",0.0439920516010335
"131","Lote 2",0.0368603150038954
"132","Lote 2",0.0567668593878507
"133","Lote 2",0.0455710259789974
"134","Lote 2",0.0512686715893361
"135","Lote 2",0.0539820571417437
"136","Lote 2",0.0702242378385704
"137","Lote 2",0.0445239991567329
"138","Lote 2",0.0433280134529053
"139","Lote 2",0.0438444241848807
"140","Lote 2",0.0615211200343814
"141","Lote 2",0.0492123743659681
"142","Lote 2",0.0532541373380128
"143","Lote 2",0.0547995250378298
"144","Lote 2",0.0614511413709143
"145","Lote 2",0.053738518829531
"146","Lote 2",0.0512509125925538
"147","Lote 2",0.0359900848324536
"148","Lote 2",0.0607693425002388
"149","Lote 2",0.0513890024956892
"150","Lote 2",0.0357976932074452
"151","Lote 2",0.0631877327656517
"152","Lote 2",0.0567200014308741
"153","Lote 2",0.0399549932554426
"154","Lote 2",0.0506351004122656
"155","Lote 2",0.0517005685343289
"156","Lote 2",0.0661686210625446
"157","Lote 2",0.0476259234601053
"158","Lote 2",0.0601462244679414
"159","Lote 2",0.024633958305173
"160","Lote 2",0.0478177509094403
"161","Lote 2",0.0350163986756114
"162","Lote 2",0.0782718786748259
"163","Lote 2",0.0570724547196579
"164","Lote 2",0.0585407449645049
"165","Lote 2",0.0510904116393652
"166","Lote 2",0.0505067539737728
"167","Lote 2",0.0386638966894748
"168","Lote 2",0.0437178226610805
"169","Lote 2",0.0731821198433527
"170","Lote 2",0.0432299806794907
"171","Lote 2",0.0365005373436424
"172","Lote 2",0.0359357792235698
"173","Lote 2",0.0594238879324951
"174","Lote 2",0.04879587150968
"175","Lote 2",0.0544808490226311
"176","Lote 2",0.0430993206609424
"177","Lote 2",0.0565804392086913
"178","Lote 2",0.0538351468586654
"179","Lote 2",0.0351604146869168
"180","Lote 2",0.0610524143177425
"181","Lote 2",0.0623660923567131
"182","Lote 2",0.0551814704013815
"183","Lote 2",0.0445050327186625
"184","Lote 2",0.0565986942104066
"185","Lote 2",0.0503816401799757
"186","Lote 2",0.0347614475979413
"187","Lote 2",0.0408293822489721
"188","Lote 2",0.0478013533405649
"189","Lote 2",0.0421225927336297
"190","Lote 2",0.0507484980348655
"191","Lote 2",0.0604581065304886
"192","Lote 2",0.0597761020428479
"193","Lote 2",0.0547242611164372
"194","Lote 2",0.0289048387143686
"195","Lote 2",0.0457226258661499
"196","Lote 2",0.0490566044066605
"197","Lote 2",0.0500417654864925
"198","Lote 2",0.0404749906782004
"199","Lote 2",0.0532848056590126
"200","Lote 2",0.0600520566914448
"201","Lote 3",0.0485877428323802
"202","Lote 3",0.0495566084067975
"203","Lote 3",0.0579721801224816
"204","Lote 3",0.065429564302734
"205","Lote 3",0.0409342998796605
"206","Lote 3",0.0519815766216647
"207","Lote 3",0.0461914491377186
"208","Lote 3",0.0572565484913476
"209","Lote 3",0.0593198368273996
"210","Lote 3",0.054262691541884
"211","Lote 3",0.0435560849019939
"212","Lote 3",0.0578303323088114
"213","Lote 3",0.0507274602031843
"214","Lote 3",0.0464518398914704
"215","Lote 3",0.0605583344772313
"216","Lote 3",0.0431747324384459
"217","Lote 3",0.0503756282132704
"218","Lote 3",0.0645400967806445
"219","Lote 3",0.0448509946486236
"220","Lote 3",0.0565436304530093
"221","Lote 3",0.0405899064365789
"222","Lote 3",0.0681667626445084
"223","Lote 3",0.0458892384131467
"224","Lote 3",0.0418074050974056
"225","Lote 3",0.046345264877661
"226","Lote 3",0.06644412291459
"227","Lote 3",0.0458295709769138
"228","Lote 3",0.0498442929462723
"229","Lote 3",0.0455404388360115
"230","Lote 3",0.0450805895558335
"231","Lote 3",0.0506369917151423
"232","Lote 3",0.0383698272405296
"233","Lote 3",0.0394744947789631
"234","Lote 3",0.0419346765274445
"235","Lote 3",0.054393462644708
"236","Lote 3",0.05081676730598
"237","Lote 3",0.0631676078305153
"238","Lote 3",0.0477344397532706
"239","Lote 3",0.0513285481466036
"240","Lote 3",0.0463661792568798
"241","Lote 3",0.0560294456046915
"242","Lote 3",0.0518082011447236
"243","Lote 3",0.0471408012429359
"244","Lote 3",0.0463614168885609
"245","Lote 3",0.0187187680271438
"246","Lote 3",0.034255737077763
"247","Lote 3",0.0624439872992906
"248","Lote 3",0.0281145823232093
"249","Lote 3",0.0466255422630113
"250","Lote 3",0.0459231441125851
"251","Lote 3",0.0550512669199048
"252","Lote 3",0.0483678797307791
"253","Lote 3",0.0412919091412382
"254","Lote 3",0.0471017051808305
"255","Lote 3",0.0500777530229868
"256","Lote 3",0.0485344853785565
"257","Lote 3",0.0447406721981269
"258","Lote 3",0.0451280190445904
"259","Lote 3",0.0530005144347514
"260","Lote 3",0.0536762476355126
"261","Lote 3",0.0609247968506019
"262","Lote 3",0.0561768652888699
"263","Lote 3",0.0590642640317056
"264","Lote 3",0.039191382577581
"265","Lote 3",0.0568784485287943
"266","Lote 3",0.0637706629696672
"267","Lote 3",0.0624208238118614
"268","Lote 3",0.0485106527753609
"269","Lote 3",0.0509607668813817
"270","Lote 3",0.0520706424212323
"271","Lote 3",0.0521319777756579
"272","Lote 3",0.0580640153689157
"273","Lote 3",0.0686510995696636
"274","Lote 3",0.0412056917325219
"275","Lote 3",0.0403822513923855
"276","Lote 3",0.0508898844864051
"277","Lote 3",0.0528365263911997
"278","Lote 3",0.0468945216298226
"279","Lote 3",0.0366155658403822
"280","Lote 3",0.0430803583794056
"281","Lote 3",0.0652874707773574
"282","Lote 3",0.0535738990053169
"283","Lote 3",0.0547394170395915
"284","Lote 3",0.0571218691514274
"285","Lote 3",0.0405468316875824
"286","Lote 3",0.0525103077017138
"287","Lote 3",0.0501844743684433
"288","Lote 3",0.0437090031548248
"289","Lote 3",0.0539727027845294
"290","Lote 3",0.0503067293871889
"291","Lote 3",0.040020785869409
"292","Lote 3",0.0513140294561973
"293","Lote 3",0.0424178232247079
"294","Lote 3",0.0589594018928516
"295","Lote 3",0.0488660291461974
"296","Lote 3",0.046899330230504
"297","Lote 3",0.0506346785717247
"298","Lote 3",0.057771498495995
"299","Lote 3",0.0533589606110592
"300","Lote 3",0.0649643550149224
"301","Lote 4",0.0496339531699603
"302","Lote 4",0.0448549852049196
"303","Lote 4",0.0491369747109985
"304","Lote 4",0.063007790975366
"305","Lote 4",0.037642765215564
"306","Lote 4",0.039162651241308
"307","Lote 4",0.0392430886162169
"308","Lote 4",0.0313276428674946
"309","Lote 4",0.032457507879535
"310","Lote 4",0.0340930320695342
"311","Lote 4",0.0632954891171153
"312","Lote 4",0.0596896770736469
"313","Lote 4",0.046551675451872
"314","Lote 4",0.0411533740321731
"315","Lote 4",0.0456950348360706
"316","Lote 4",0.0351469366706335
"317","Lote 4",0.0735097081594039
"318","Lote 4",0.0438865839593872
"319","Lote 4",0.0398548877187142
"320","Lote 4",0.0559254497347718
"321","Lote 4",0.0674814547323148
"322","Lote 4",0.0493234594574793
"323","Lote 4",0.0377643440265628
"324","Lote 4",0.019315577323389
"325","Lote 4",0.043299415332135
"326","Lote 4",0.0446049380527341
"327","Lote 4",0.0448862509072674
"328","Lote 4",0.0303012807169295
"329","Lote 4",0.0479801803645876
"330","Lote 4",0.0464662958811461
"331","Lote 4",0.0444675011432698
"332","Lote 4",0.0454954837836426
"333","Lote 4",0.0468409241302437
"334","Lote 4",0.0442186438979402
"335","Lote 4",0.0400053772110859
"336","Lote 4",0.0444461232786123
"337","Lote 4",0.050742486539704
"338","Lote 4",0.0497324487098326
"339","Lote 4",0.0464899296648187
"340","Lote 4",0.0354438445309869
"341","Lote 4",0.0630693067206642
"342","Lote 4",0.0608894110612083
"343","Lote 4",0.0421180202651027
"344","Lote 4",0.0520944376828467
"345","Lote 4",0.0465358734016143
"346","Lote 4",0.0542831358113505
"347","Lote 4",0.0606471812771653
"348","Lote 4",0.0411108926547894
"349","Lote 4",0.0359668212785824
"350","Lote 4",0.0642857130585407
"351","Lote 4",0.0474081409027153
"352","Lote 4",0.0601779882010832
"353","Lote 4",0.0473971547455035
"354","Lote 4",0.0328766115668891
"355","Lote 4",0.0480496517066299
"356","Lote 4",0.0517560701693419
"357","Lote 4",0.0356681915505581
"358","Lote 4",0.0423416063369226
"359","Lote 4",0.058636455108892
"360","Lote 4",0.052680611936477
"361","Lote 4",0.0373410164496084
"362","Lote 4",0.062362838879049
"363","Lote 4",0.051582659244042
"364","Lote 4",0.0522604349845624
"365","Lote 4",0.0368765856876925
"366","Lote 4",0.0507752628740524
"367","Lote 4",0.0546710896368185
"368","Lote 4",0.0449919011287856
"369","Lote 4",0.0439673932129746
"370","Lote 4",0.0484578800760026
"371","Lote 4",0.0284730029630576
"372","Lote 4",0.0421785645289177
"373","Lote 4",0.0354583167021163
"374","Lote 4",0.0389095092968489
"375","Lote 4",0.0484847925075075
"376","Lote 4",0.0598288745570205
"377","Lote 4",0.0525572965863067
"378","Lote 4",0.045095306916743
"379","Lote 4",0.0427556790885913
"380","Lote 4",0.0359717095525717
"381","Lote 4",0.0440962623173799
"382","Lote 4",0.0397525635375359
"383","Lote 4",0.0540353648761282
"384","Lote 4",0.0170913758897185
"385","Lote 4",0.0446764991222079
"386","Lote 4",0.0407561446226583
"387","Lote 4",0.0751390219395935
"388","Lote 4",0.0415781799836717
"389","Lote 4",0.0489192329928217
"390","Lote 4",0.053099641245622
"391","Lote 4",0.0390521509931734
"392","Lote 4",0.0503726907708832
"393","Lote 4",0.0451779322981556
"394","Lote 4",0.0451415418543126
"395","Lote 4",0.0651091269309368
"396","Lote 4",0.0464694594538021
"397","Lote 4",0.0285663609448408
"398","Lote 4",0.0435258778354956
"399","Lote 4",0.0508810488311829
"400","Lote 4",0.0271179915499828
"401","Lote 5",0.0745034906802815
"402","Lote 5",0.0532188492406124
"403","Lote 5",0.0453250154111961
"404","Lote 5",0.0333301347985815
"405","Lote 5",0.0367019896367057
"406","Lote 5",0.0436057266770239
"407","Lote 5",0.0342375416598221
"408","Lote 5",0.0576535603352437
"409","Lote 5",0.0507905652477906
"410","Lote 5",0.0562380785771171
"411","Lote 5",0.0643622558370437
"412","Lote 5",0.054081838969815
"413","Lote 5",0.0444482460939305
"414","Lote 5",0.0407783834809343
"415","Lote 5",0.058566613703261
"416","Lote 5",0.0780781757829307
"417","Lote 5",0.0583133066680401
"418","Lote 5",0.0548490383120386
"419","Lote 5",0.0380629718356808
"420","Lote 5",0.0528065317023998
"421","Lote 5",0.0478169935810643
"422","Lote 5",0.0425976916939822
"423","Lote 5",0.0557964435915794
"424","Lote 5",0.047684875072691
"425","Lote 5",0.0392533451108221
"426","Lote 5",0.0551835696951258
"427","Lote 5",0.0621252318839241
"428","Lote 5",0.0546318617173652
"429","Lote 5",0.0556592345617353
"430","Lote 5",0.0572618631997047
"431","Lote 5",0.0639596590990344
"432","Lote 5",0.043400953343235
"433","Lote 5",0.0569366639864361
"434","Lote 5",0.063906534787629
"435","Lote 5",0.0437008407872886
"436","Lote 5",0.0427137940224925
"437","Lote 5",0.039806700906445
"438","Lote 5",0.0487973466796325
"439","Lote 5",0.0438593461016312
"440","Lote 5",0.0330710959152949
"441","Lote 5",0.0491393802873385
"442","Lote 5",0.0365236160792155
"443","Lote 5",0.0331917966254185
"444","Lote 5",0.0471009648596417
"445","Lote 5",0.0383580962726245
"446","Lote 5",0.0567926298619297
"447","Lote 5",0.0458245202408159
"448","Lote 5",0.0478357709818919
"449","Lote 5",0.056188594654823
"450","Lote 5",0.0649290011856738
"451","Lote 5",0.0491018210443579
"452","Lote 5",0.0613380109295527
"453","Lote 5",0.0669280506814691
"454","Lote 5",0.0540043549615455
"455","Lote 5",0.0364428633060173
"456","Lote 5",0.0442455440261043
"457","Lote 5",0.0394511204271761
"458","Lote 5",0.0467362035709248
"459","Lote 5",0.0518814755966338
"460","Lote 5",0.0362684594966157
"461","Lote 5",0.0499513939168747
"462","Lote 5",0.0600290803373237
"463","Lote 5",0.0656170459879865
"464","Lote 5",0.0447216989740062
"465","Lote 5",0.073470193427124
"466","Lote 5",0.039853730669797
"467","Lote 5",0.0322559914723387
"468","Lote 5",0.041432008843449
"469","Lote 5",0.0531947783977733
"470","Lote 5",0.0706723529310646
"471","Lote 5",0.0487243675988099
"472","Lote 5",0.0452881644045343
"473","Lote 5",0.0623831203943673
"474","Lote 5",0.070158354229984
"475","Lote 5",0.0485945224769078
"476","Lote 5",0.0351691985912846
"477","Lote 5",0.045073276633437
"478","Lote 5",0.0575848976110448
"479","Lote 5",0.0621599409620931
"480","Lote 5",0.0561623140412117
"481","Lote 5",0.043562125189484
"482","Lote 5",0.0569457566819871
"483","Lote 5",0.0450843490333139
"484","Lote 5",0.0565756691002448
"485","Lote 5",0.0491413898173103
"486","Lote 5",0.0487511839443494
"487","Lote 5",0.0467537856472814
"488","Lote 5",0.0413142564791396
"489","Lote 5",0.0509450932372251
"490","Lote 5",0.0611076361795495
"491","Lote 5",0.044709671408079
"492","Lote 5",0.0724744012490751
"493","Lote 5",0.0484848738576679
"494","Lote 5",0.0597177787991034
"495","Lote 5",0.0532284216900936
"496","Lote 5",0.0513142860639592
"497","Lote 5",0.0573743090784439
"498","Lote 5",0.0406538186824839
"499","Lote 5",0.0348714425121646
"500","Lote 5",0.0487382335213452
"501","Lote 6",0.059775522437723
"502","Lote 6",0.0619712742644774
"503","Lote 6",0.0558008392432347
"504","Lote 6",0.0654659981636421
"505","Lote 6",0.0637606332598247
"506","Lote 6",0.043491225153641
"507","Lote 6",0.0382526540206191
"508","Lote 6",0.0496743544321802
"509","Lote 6",0.0629426099243553
"510","Lote 6",0.0420297575133814
"511","Lote 6",0.0506516510502453
"512","Lote 6",0.05106809739414
"513","Lote 6",0.0453411682344259
"514","Lote 6",0.034062089837209
"515","Lote 6",0.0459020551061006
"516","Lote 6",0.0367585539840927
"517","Lote 6",0.0463659859535391
"518","Lote 6",0.0569804289500888
"519","Lote 6",0.0528669202555014
"520","Lote 6",0.0494313894347198
"521","Lote 6",0.0520957247917699
"522","Lote 6",0.0586676311385136
"523","Lote 6",0.052629937558237
"524","Lote 6",0.0493317355587239
"525","Lote 6",0.0551094979746494
"526","Lote 6",0.042485784471973
"527","Lote 6",0.0475316401659762
"528","Lote 6",0.05461352396577
"529","Lote 6",0.0534255576908935
"530","Lote 6",0.0465432251588872
"531","Lote 6",0.0587905264330416
"532","Lote 6",0.0455469507836708
"533","Lote 6",0.0604181774233083
"534","Lote 6",0.0499990929183861
"535","Lote 6",0.0520918716476475
"536","Lote 6",0.0594855693830027
"537","Lote 6",0.0381017821275351
"538","Lote 6",0.0563460699844112
"539","Lote 6",0.0633390240715815
"540","Lote 6",0.0552134192037242
"541","Lote 6",0.0502740010457836
"542","Lote 6",0.0666523088376096
"543","Lote 6",0.0328899905162152
"544","Lote 6",0.0563069894695366
"545","Lote 6",0.0210037785556356
"546","Lote 6",0.0484579742747423
"547","Lote 6",0.0486899436941483
"548","Lote 6",0.055023235088514
"549","Lote 6",0.0556780768590833
"550","Lote 6",0.060293043830656
"551","Lote 6",0.0490299663883965
"552","Lote 6",0.0413935173950532
"553","Lote 6",0.0523573305165645
"554","Lote 6",0.0488262173601255
"555","Lote 6",0.0593774882168163
"556","Lote 6",0.0360614465903239
"557","Lote 6",0.0525999925951182
"558","Lote 6",0.0528557794820268
"559","Lote 6",0.0602290088255682
"560","Lote 6",0.0643300172556804
"561","Lote 6",0.0510036897471874
"562","Lote 6",0.0485546177939019
"563","Lote 6",0.0559378940780741
"564","Lote 6",0.0266743453470756
"565","Lote 6",0.0443281660005359
"566","Lote 6",0.0450605179874723
"567","Lote 6",0.0584558075142455
"568","Lote 6",0.0413075366496326
"569","Lote 6",0.0436375999428917
"570","Lote 6",0.0484131776857011
"571","Lote 6",0.050857541462279
"572","Lote 6",0.0513405957686234
"573","Lote 6",0.0533300666535611
"574","Lote 6",0.0560340074567332
"575","Lote 6",0.0417765131077285
"576","Lote 6",0.048936067708938
"577","Lote 6",0.065713789949885
"578","Lote 6",0.0526821079560805
"579","Lote 6",0.0601362712074719
"580","Lote 6",0.0476958545253799
"581","Lote 6",0.0392089103702945
"582","Lote 6",0.05109324820804
"583","Lote 6",0.0483320237734392
"584","Lote 6",0.0454868382725744
"585","Lote 6",0.0577718302551347
"586","Lote 6",0.0550973537057221
"587","Lote 6",0.0411329001978135
"588","Lote 6",0.0635938835244982
"589","Lote 6",0.0562682540040201
"590","Lote 6",0.0636527311056481
"591","Lote 6",0.0659089478102615
"592","Lote 6",0.0704590923472653
"593","Lote 6",0.0670791230811867
"594","Lote 6",0.0356572763530561
"595","Lote 6",0.0524670600724074
"596","Lote 6",0.0399404456994173
"597","Lote 6",0.0431689717969282
"598","Lote 6",0.043496277879282
"599","Lote 6",0.0667497509525998
"600","Lote 6",0.0427775277632454
"601","Lote 7",0.0475094316855144
"602","Lote 7",0.0538016356886279
"603","Lote 7",0.04770284349243
"604","Lote 7",0.019757136609472
"605","Lote 7",0.0476238490848045
"606","Lote 7",0.0568117965484504
"607","Lote 7",0.0491513251555433
"608","Lote 7",0.0475534924440503
"609","Lote 7",0.0408154761831018
"610","Lote 7",0.0615328956454585
"611","Lote 7",0.045912633306878
"612","Lote 7",0.048519198137791
"613","Lote 7",0.0507197704446398
"614","Lote 7",0.0341878875972938
"615","Lote 7",0.0469837044040084
"616","Lote 7",0.0299864313930845
"617","Lote 7",0.0634395397637697
"618","Lote 7",0.0626943360605365
"619","Lote 7",0.0522671400221333
"620","Lote 7",0.0693481507357175
"621","Lote 7",0.0471496156870495
"622","Lote 7",0.0495576473064947
"623","Lote 7",0.0455892152049413
"624","Lote 7",0.069683311513711
"625","Lote 7",0.0487749229389191
"626","Lote 7",0.0442935123237388
"627","Lote 7",0.0477855401336851
"628","Lote 7",0.0354737580264602
"629","Lote 7",0.0498105752309144
"630","Lote 7",0.0374081030818932
"631","Lote 7",0.0522737189721939
"632","Lote 7",0.069131789020697
"633","Lote 7",0.06046519173677
"634","Lote 7",0.0480323063730855
"635","Lote 7",0.0528705098603701
"636","Lote 7",0.0497014339804591
"637","Lote 7",0.0410048044721479
"638","Lote 7",0.0518843449366806
"639","Lote 7",0.0456468985058756
"640","Lote 7",0.0450239624645568
"641","Lote 7",0.0353339805404181
"642","Lote 7",0.0336550008204747
"643","Lote 7",0.052802045662249
"644","Lote 7",0.0458806671791697
"645","Lote 7",0.055652142047742
"646","Lote 7",0.0476375190762988
"647","Lote 7",0.0379647520844019
"648","Lote 7",0.0420026770676137
"649","Lote 7",0.0451621284839108
"650","Lote 7",0.0491282611797701
"651","Lote 7",0.0527285795091642
"652","Lote 7",0.0472013890769372
"653","Lote 7",0.0387958384315327
"654","Lote 7",0.0469449862104711
"655","Lote 7",0.0351465245785946
"656","Lote 7",0.055342816044573
"657","Lote 7",0.0583163309352124
"658","Lote 7",0.0383428933133435
"659","Lote 7",0.0570465601135454
"660","Lote 7",0.0395172343158617
"661","Lote 7",0.0527396383118908
"662","Lote 7",0.0560603268259594
"663","Lote 7",0.0525450867225028
"664","Lote 7",0.0516528410217271
"665","Lote 7",0.035021004723535
"666","Lote 7",0.0443617072284136
"667","Lote 7",0.0320545108233235
"668","Lote 7",0.0455936310527696
"669","Lote 7",0.0557747087560581
"670","Lote 7",0.0537406349629643
"671","Lote 7",0.0697587476719045
"672","Lote 7",0.0716007212419675
"673","Lote 7",0.0565531357418694
"674","Lote 7",0.0446659689615809
"675","Lote 7",0.048431334812378
"676","Lote 7",0.0487689427297094
"677","Lote 7",0.0477742622623779
"678","Lote 7",0.0564206551954959
"679","Lote 7",0.0595934401953154
"680","Lote 7",0.0584395502522733
"681","Lote 7",0.0508288250991845
"682","Lote 7",0.0558929707294731
"683","Lote 7",0.0487979518456848
"684","Lote 7",0.0497864775178484
"685","Lote 7",0.0387590546617188
"686","Lote 7",0.0382768142175656
"687","Lote 7",0.0514361879982804
"688","Lote 7",0.0657629720045485
"689","Lote 7",0.0571898194575989
"690","Lote 7",0.0696637993143165
"691","Lote 7",0.0355907983815542
"692","Lote 7",0.0439004429790003
"693","Lote 7",0.0471685383218628
"694","Lote 7",0.040311460457259
"695","Lote 7",0.0385639910004537
"696","Lote 7",0.0444536316144678
"697","Lote 7",0.0439880557574629
"698","Lote 7",0.0445560682535739
"699","Lote 7",0.0572440703660209
"700","Lote 7",0.0404126814053225
"701","Lote 8",0.0372389289922143
"702","Lote 8",0.0667946388721785
"703","Lote 8",0.0627535549535574
"704","Lote 8",0.0351280923615798
"705","Lote 8",0.0463771568787396
"706","Lote 8",0.0473094977726822
"707","Lote 8",0.0501935877272707
"708","Lote 8",0.0443236837286094
"709","Lote 8",0.0506525374417784
"710","Lote 8",0.0408529375115342
"711","Lote 8",0.0465702506021469
"712","Lote 8",0.0402476344248129
"713","Lote 8",0.0575625001390679
"714","Lote 8",0.0574552682714548
"715","Lote 8",0.0453366948640326
"716","Lote 8",0.0350119038386153
"717","Lote 8",0.0539682249622581
"718","Lote 8",0.0388848579292461
"719","Lote 8",0.0521232117158996
"720","Lote 8",0.04704397205099
"721","Lote 8",0.0508161591878027
"722","Lote 8",0.0642950336454991
"723","Lote 8",0.0644949968197121
"724","Lote 8",0.0510040885122988
"725","Lote 8",0.0504441906788872
"726","Lote 8",0.0286620333201817
"727","Lote 8",0.0411014739411347
"728","Lote 8",0.0594875861077379
"729","Lote 8",0.0538048018345433
"730","Lote 8",0.0544849202670079
"731","Lote 8",0.0531423811203644
"732","Lote 8",0.0407956645313066
"733","Lote 8",0.0482915794939115
"734","Lote 8",0.0462378458274821
"735","Lote 8",0.049334236100606
"736","Lote 8",0.048398750900015
"737","Lote 8",0.0682294708038623
"738","Lote 8",0.0642274732002892
"739","Lote 8",0.0472089796071362
"740","Lote 8",0.0386975081199516
"741","Lote 8",0.0723927767750101
"742","Lote 8",0.0536526492822112
"743","Lote 8",0.0649844511443161
"744","Lote 8",0.0472398100891493
"745","Lote 8",0.0513286355757289
"746","Lote 8",0.0575835664538558
"747","Lote 8",0.0420809504571718
"748","Lote 8",0.0414746130350979
"749","Lote 8",0.0504356342030613
"750","Lote 8",0.0522683575974708
"751","Lote 8",0.0381582705661409
"752","Lote 8",0.0540550276290064
"753","Lote 8",0.0504991583120662
"754","Lote 8",0.0429371168886178
"755","Lote 8",0.0365651765839053
"756","Lote 8",0.0641215225101622
"757","Lote 8",0.0379916593729855
"758","Lote 8",0.0666864638050322
"759","Lote 8",0.0611076385224125
"760","Lote 8",0.048904987396628
"761","Lote 8",0.0453735947349878
"762","Lote 8",0.0508720591737136
"763","Lote 8",0.0445093804509823
"764","Lote 8",0.0639905796369505
"765","Lote 8",0.0317836362359197
"766","Lote 8",0.0342042074558639
"767","Lote 8",0.0719216140074204
"768","Lote 8",0.069060847412417
"769","Lote 8",0.0249859521769216
"770","Lote 8",0.0551915291857701
"771","Lote 8",0.0253147738311636
"772","Lote 8",0.0360089989405535
"773","Lote 8",0.046560727114363
"774","Lote 8",0.0648817502823861
"775","Lote 8",0.0693387211807216
"776","Lote 8",0.0585902658424022
"777","Lote 8",0.0586049570205998
"778","Lote 8",0.0511533642945249
"779","Lote 8",0.0663767624749299
"780","Lote 8",0.0470195639488844
"781","Lote 8",0.0540128380357101
"782","Lote 8",0.0428459950713602
"783","Lote 8",0.0504714746882313
"784","Lote 8",0.0507854651862471
"785","Lote 8",0.0665315605824
"786","Lote 8",0.0463083630801095
"787","Lote 8",0.0410387591970962
"788","Lote 8",0.0528235698200453
"789","Lote 8",0.0438009726476187
"790","Lote 8",0.058438532541079
"791","Lote 8",0.0321924891963025
"792","Lote 8",0.0495550728813868
"793","Lote 8",0.0355317249977876
"794","Lote 8",0.0426064338776961
"795","Lote 8",0.0428079247468928
"796","Lote 8",0.0558860192029542
"797","Lote 8",0.0577281837820403
"798","Lote 8",0.0744261782696068
"799","Lote 8",0.0432371699161377
"800","Lote 8",0.0521799157648909
"801","Lote 9",0.0451014519431764
"802","Lote 9",0.0549979005663967
"803","Lote 9",0.044181024468629
"804","Lote 9",0.03284209528674
"805","Lote 9",0.0474094698799631
"806","Lote 9",0.0457387865120725
"807","Lote 9",0.0493226561276193
"808","Lote 9",0.0478003358858468
"809","Lote 9",0.0502567843160539
"810","Lote 9",0.0463192931216603
"811","Lote 9",0.0454612671177703
"812","Lote 9",0.0441993156971199
"813","Lote 9",0.0359251943808721
"814","Lote 9",0.0693666712436637
"815","Lote 9",0.0509885045448327
"816","Lote 9",0.0311127243542108
"817","Lote 9",0.0410291020271417
"818","Lote 9",0.0513882236678718
"819","Lote 9",0.0435326047561744
"820","Lote 9",0.0464352962106555
"821","Lote 9",0.0484849951288329
"822","Lote 9",0.0383091506336427
"823","Lote 9",0.0528150786177474
"824","Lote 9",0.0658394327172113
"825","Lote 9",0.0457410482490017
"826","Lote 9",0.0376555052564671
"827","Lote 9",0.0428761565685002
"828","Lote 9",0.0441953853133097
"829","Lote 9",0.0448753781792782
"830","Lote 9",0.0448003140266933
"831","Lote 9",0.0611873306364418
"832","Lote 9",0.0443296364669862
"833","Lote 9",0.0432983517807442
"834","Lote 9",0.0550788194308879
"835","Lote 9",0.0579412326488978
"836","Lote 9",0.0621757009227261
"837","Lote 9",0.0525439413752535
"838","Lote 9",0.0328135515037226
"839","Lote 9",0.0510826765270852
"840","Lote 9",0.0383841680089534
"841","Lote 9",0.0742052041120563
"842","Lote 9",0.048299448777944
"843","Lote 9",0.0474462942116959
"844","Lote 9",0.0465681310572807
"845","Lote 9",0.0488113665597435
"846","Lote 9",0.0581420407997311
"847","Lote 9",0.0564928015408943
"848","Lote 9",0.0519626589068664
"849","Lote 9",0.0497577058617603
"850","Lote 9",0.0564934236023453
"851","Lote 9",0.0421358308960151
"852","Lote 9",0.0378034304783617
"853","Lote 9",0.0494202833674532
"854","Lote 9",0.0515097943127304
"855","Lote 9",0.0614401834499362
"856","Lote 9",0.0551758830251933
"857","Lote 9",0.0574367397348477
"858","Lote 9",0.0480319796029792
"859","Lote 9",0.0471772943631167
"860","Lote 9",0.0447004999216953
"861","Lote 9",0.0366729041477388
"862","Lote 9",0.0553731437386126
"863","Lote 9",0.0501887358750425
"864","Lote 9",0.0448842558173298
"865","Lote 9",0.0442012999463123
"866","Lote 9",0.05683678941382
"867","Lote 9",0.0455011583507282
"868","Lote 9",0.0429454122225081
"869","Lote 9",0.052136849992718
"870","Lote 9",0.0572717771208304
"871","Lote 9",0.0755727054676882
"872","Lote 9",0.0416656837164359
"873","Lote 9",0.0393207987598845
"874","Lote 9",0.0401162769267547
"875","Lote 9",0.0483330287296583
"876","Lote 9",0.0710403651078712
"877","Lote 9",0.0430309274530103
"878","Lote 9",0.0636760300784168
"879","Lote 9",0.06209024526412
"880","Lote 9",0.0622182089866559
"881","Lote 9",0.0626465847802887
"882","Lote 9",0.0515401308777208
"883","Lote 9",0.0509168793455676
"884","Lote 9",0.039320703873714
"885","Lote 9",0.0504151462988308
"886","Lote 9",0.041581172931908
"887","Lote 9",0.0337081429765928
"888","Lote 9",0.0537914230297114
"889","Lote 9",0.0493014103940977
"890","Lote 9",0.0517796335327876
"891","Lote 9",0.0658597772080875
"892","Lote 9",0.050345371081004
"893","Lote 9",0.0495093138719535
"894","Lote 9",0.0329411817780259
"895","Lote 9",0.0472017197634114
"896","Lote 9",0.0438458141541951
"897","Lote 9",0.0524176763923212
"898","Lote 9",0.0485223499609632
"899","Lote 9",0.0380630635551935
"900","Lote 9",0.0503010161327082
"901","Lote 10",0.0624302478385233
"902","Lote 10",0.035592961035325
"903","Lote 10",0.0353097249895838
"904","Lote 10",0.0363290269860405
"905","Lote 10",0.0380672708978527
"906","Lote 10",0.0532394298963451
"907","Lote 10",0.050906841765839
"908","Lote 10",0.0509490685620563
"909","Lote 10",0.0544249852104279
"910","Lote 10",0.0483519495344186
"911","Lote 10",0.050727376900854
"912","Lote 10",0.0427264818130387
"913","Lote 10",0.0461742265320625
"914","Lote 10",0.0628905143870487
"915","Lote 10",0.0390088190915534
"916","Lote 10",0.0343627583072087
"917","Lote 10",0.0379246666121798
"918","Lote 10",0.0486977967455948
"919","Lote 10",0.0609235128833746
"920","Lote 10",0.0511197415538811
"921","Lote 10",0.0506045278866375
"922","Lote 10",0.0519994475743457
"923","Lote 10",0.0571864585355893
"924","Lote 10",0.0646211031086452
"925","Lote 10",0.0221400803462143
"926","Lote 10",0.0475654641536528
"927","Lote 10",0.0493424338994818
"928","Lote 10",0.034502793383747
"929","Lote 10",0.0445387606549713
"930","Lote 10",0.0402811037234142
"931","Lote 10",0.0396796441660345
"932","Lote 10",0.0377660989678551
"933","Lote 10",0.0606872495647852
"934","Lote 10",0.0699285542449915
"935","Lote 10",0.0587718142223381
"936","Lote 10",0.0420897193322938
"937","Lote 10",0.0377237817225348
"938","Lote 10",0.0447701585830575
"939","Lote 10",0.0637120761656961
"940","Lote 10",0.0572849152533334
"941","Lote 10",0.0510964551934075
"942","Lote 10",0.0506919145552436
"943","Lote 10",0.0586672681505937
"944","Lote 10",0.0567100489699221
"945","Lote 10",0.0351734957970832
"946","Lote 10",0.0490259345263554
"947","Lote 10",0.06481960794401
"948","Lote 10",0.0544823324291284
"949","Lote 10",0.028707131131183
"950","Lote 10",0.0503194036509396
"951","Lote 10",0.0566303306654683
"952","Lote 10",0.0494355248453668
"953","Lote 10",0.0619333986372325
"954","Lote 10",0.049964719406524
"955","Lote 10",0.0475198195359053
"956","Lote 10",0.043481665057478
"957","Lote 10",0.0496122546771167
"958","Lote 10",0.0693494507051536
"959","Lote 10",0.0524392756519961
"960","Lote 10",0.0491329135068727
"961","Lote 10",0.0432101387732042
"962","Lote 10",0.0385756141717234
"963","Lote 10",0.0603690054726021
"964","Lote 10",0.0429795898140692
"965","Lote 10",0.051297801513896
"966","Lote 10",0.0534487211123029
"967","Lote 10",0.0417062569915555
"968","Lote 10",0.028997582727819
"969","Lote 10",0.0523859286197106
"970","Lote 10",0.0449053870395067
"971","Lote 10",0.0402400606124461
"972","Lote 10",0.0502821111262115
"973","Lote 10",0.0349594500822249
"974","Lote 10",0.0601647674318381
"975","Lote 10",0.0574989124558329
"976","Lote 10",0.0422390352386023
"977","Lote 10",0.051011139888972
"978","Lote 10",0.0519656071122024
"979","Lote 10",0.0566755447983338
"980","Lote 10",0.0360957451162334
"981","Lote 10",0.0578986702658693
"982","Lote 10",0.0530893870493572
"983","Lote 10",0.0400847203272299
"984","Lote 10",0.0416681980897883
"985","Lote 10",0.0530141924521736
"986","Lote 10",0.0648130502455861
"987","Lote 10",0.0776908242231548
"988","Lote 10",0.0426468834653255
"989","Lote 10",0.0361295239151627
"990","Lote 10",0.031546644235993
"991","Lote 10",0.0453085152222535
"992","Lote 10",0.0658927378936809
"993","Lote 10",0.0370274733003081
"994","Lote 10",0.029878651559627
"995","Lote 10",0.0527971269643685
"996","Lote 10",0.0543247016108256
"997","Lote 10",0.0440012122409576
"998","Lote 10",0.0562160408581505
"999","Lote 10",0.060155988664471
"1000","Lote 10",0.0492773683315846
